trial,size_mib,rails,iterations,median_us,cpu_user_us,cpu_system_us,peak_rss_kb,rail0_bytes,rail1_bytes,xxh3
1,64,1,5,311171,244285,225714,137672,335544320,0,a0a4cbfa5cad46af
1,64,2,5,365362,361068,425887,211124,167772160,167772160,a0a4cbfa5cad46af
1,256,1,5,1369279,739317,693493,530964,1342177280,0,fe51c755b1336171
1,256,2,5,1356426,1094181,1465055,801308,671088640,671088640,fe51c755b1336171
2,64,2,5,364692,294338,438521,211340,167772160,167772160,a0a4cbfa5cad46af
2,64,1,5,357489,216784,208893,137512,335544320,0,a0a4cbfa5cad46af
2,256,2,5,1187134,1137489,1395252,801364,671088640,671088640,fe51c755b1336171
2,256,1,5,1346450,713696,728233,530592,1342177280,0,fe51c755b1336171
3,64,1,5,341163,192861,209006,137756,335544320,0,a0a4cbfa5cad46af
3,64,2,5,353566,322908,397413,211104,167772160,167772160,a0a4cbfa5cad46af
3,256,1,5,1174588,720831,659738,530672,1342177280,0,fe51c755b1336171
3,256,2,5,1306717,1096217,1418264,801180,671088640,671088640,fe51c755b1336171
4,64,2,5,351328,284060,463295,211224,167772160,167772160,a0a4cbfa5cad46af
4,64,1,5,328675,205598,215252,137600,335544320,0,a0a4cbfa5cad46af
4,256,2,5,1333281,1103234,1429648,801320,671088640,671088640,fe51c755b1336171
4,256,1,5,1334282,735269,707791,530944,1342177280,0,fe51c755b1336171
5,64,1,5,278528,196349,186642,137576,335544320,0,a0a4cbfa5cad46af
5,64,2,5,311564,345084,395668,211268,167772160,167772160,a0a4cbfa5cad46af
5,256,1,5,1164007,757877,688581,530996,1342177280,0,fe51c755b1336171
5,256,2,5,1367995,1213825,1458428,801304,671088640,671088640,fe51c755b1336171
6,64,2,5,360389,289255,454757,211296,167772160,167772160,a0a4cbfa5cad46af
6,64,1,5,338328,216433,205684,137556,335544320,0,a0a4cbfa5cad46af
6,256,2,5,1296216,1261071,1430373,801152,671088640,671088640,fe51c755b1336171
6,256,1,5,1153079,706581,689169,530880,1342177280,0,fe51c755b1336171
7,64,1,5,293307,211092,221017,137504,335544320,0,a0a4cbfa5cad46af
7,64,2,5,357928,316588,420644,211256,167772160,167772160,a0a4cbfa5cad46af
7,256,1,5,1144692,723488,675147,530860,1342177280,0,fe51c755b1336171
7,256,2,5,1164593,1143084,1346574,801348,671088640,671088640,fe51c755b1336171
8,64,2,5,329444,338135,396580,211324,167772160,167772160,a0a4cbfa5cad46af
8,64,1,5,288194,199922,201066,137664,335544320,0,a0a4cbfa5cad46af
8,256,2,5,1342563,1185420,1479954,801240,671088640,671088640,fe51c755b1336171
8,256,1,5,1146778,710653,706995,531004,1342177280,0,fe51c755b1336171
9,64,1,5,291217,215806,203723,137660,335544320,0,a0a4cbfa5cad46af
9,64,2,5,329083,420283,374515,211180,167772160,167772160,a0a4cbfa5cad46af
9,256,1,5,1307083,703968,667319,530908,1342177280,0,fe51c755b1336171
9,256,2,5,1244873,1243771,1459682,801304,671088640,671088640,fe51c755b1336171
10,64,2,5,374054,396005,483339,211320,167772160,167772160,a0a4cbfa5cad46af
10,64,1,5,339046,178907,226213,137740,335544320,0,a0a4cbfa5cad46af
10,256,2,5,1330361,1084225,1411705,801220,671088640,671088640,fe51c755b1336171
10,256,1,5,1256372,722811,706124,530968,1342177280,0,fe51c755b1336171
