trial,size_mib,rails,iteration,bytes,latency_us,gib_per_s,xxh3
1,64,1,1,67108864,297587,0.21,a0a4cbfa5cad46af
1,64,1,2,67108864,311171,0.201,a0a4cbfa5cad46af
1,64,1,3,67108864,312679,0.2,a0a4cbfa5cad46af
1,64,1,4,67108864,293206,0.213,a0a4cbfa5cad46af
1,64,1,5,67108864,312844,0.2,a0a4cbfa5cad46af
1,64,2,1,67108864,343433,0.182,a0a4cbfa5cad46af
1,64,2,2,67108864,363334,0.172,a0a4cbfa5cad46af
1,64,2,3,67108864,375862,0.166,a0a4cbfa5cad46af
1,64,2,4,67108864,393156,0.159,a0a4cbfa5cad46af
1,64,2,5,67108864,365362,0.171,a0a4cbfa5cad46af
1,256,1,1,268435456,1399571,0.179,fe51c755b1336171
1,256,1,2,268435456,1369279,0.183,fe51c755b1336171
1,256,1,3,268435456,1394877,0.179,fe51c755b1336171
1,256,1,4,268435456,1286928,0.194,fe51c755b1336171
1,256,1,5,268435456,1111183,0.225,fe51c755b1336171
1,256,2,1,268435456,1181664,0.212,fe51c755b1336171
1,256,2,2,268435456,1496064,0.167,fe51c755b1336171
1,256,2,3,268435456,1356426,0.184,fe51c755b1336171
1,256,2,4,268435456,1351557,0.185,fe51c755b1336171
1,256,2,5,268435456,1423914,0.176,fe51c755b1336171
2,64,2,1,67108864,364692,0.171,a0a4cbfa5cad46af
2,64,2,2,67108864,361110,0.173,a0a4cbfa5cad46af
2,64,2,3,67108864,377119,0.166,a0a4cbfa5cad46af
2,64,2,4,67108864,351506,0.178,a0a4cbfa5cad46af
2,64,2,5,67108864,371892,0.168,a0a4cbfa5cad46af
2,64,1,1,67108864,357489,0.175,a0a4cbfa5cad46af
2,64,1,2,67108864,355612,0.176,a0a4cbfa5cad46af
2,64,1,3,67108864,359182,0.174,a0a4cbfa5cad46af
2,64,1,4,67108864,363662,0.172,a0a4cbfa5cad46af
2,64,1,5,67108864,306896,0.204,a0a4cbfa5cad46af
2,256,2,1,268435456,1187134,0.211,fe51c755b1336171
2,256,2,2,268435456,1175677,0.213,fe51c755b1336171
2,256,2,3,268435456,1161457,0.215,fe51c755b1336171
2,256,2,4,268435456,1319530,0.189,fe51c755b1336171
2,256,2,5,268435456,1346673,0.186,fe51c755b1336171
2,256,1,1,268435456,1379748,0.181,fe51c755b1336171
2,256,1,2,268435456,1357629,0.184,fe51c755b1336171
2,256,1,3,268435456,1343903,0.186,fe51c755b1336171
2,256,1,4,268435456,1346450,0.186,fe51c755b1336171
2,256,1,5,268435456,1194288,0.209,fe51c755b1336171
3,64,1,1,67108864,358594,0.174,a0a4cbfa5cad46af
3,64,1,2,67108864,337897,0.185,a0a4cbfa5cad46af
3,64,1,3,67108864,341163,0.183,a0a4cbfa5cad46af
3,64,1,4,67108864,339936,0.184,a0a4cbfa5cad46af
3,64,1,5,67108864,344264,0.182,a0a4cbfa5cad46af
3,64,2,1,67108864,354096,0.177,a0a4cbfa5cad46af
3,64,2,2,67108864,352661,0.177,a0a4cbfa5cad46af
3,64,2,3,67108864,353089,0.177,a0a4cbfa5cad46af
3,64,2,4,67108864,353566,0.177,a0a4cbfa5cad46af
3,64,2,5,67108864,363272,0.172,a0a4cbfa5cad46af
3,256,1,1,268435456,1349770,0.185,fe51c755b1336171
3,256,1,2,268435456,1151922,0.217,fe51c755b1336171
3,256,1,3,268435456,1174588,0.213,fe51c755b1336171
3,256,1,4,268435456,1125870,0.222,fe51c755b1336171
3,256,1,5,268435456,1282638,0.195,fe51c755b1336171
3,256,2,1,268435456,1306717,0.191,fe51c755b1336171
3,256,2,2,268435456,1193499,0.209,fe51c755b1336171
3,256,2,3,268435456,1219431,0.205,fe51c755b1336171
3,256,2,4,268435456,1316175,0.19,fe51c755b1336171
3,256,2,5,268435456,1313748,0.19,fe51c755b1336171
4,64,2,1,67108864,350945,0.178,a0a4cbfa5cad46af
4,64,2,2,67108864,351328,0.178,a0a4cbfa5cad46af
4,64,2,3,67108864,375104,0.167,a0a4cbfa5cad46af
4,64,2,4,67108864,357834,0.175,a0a4cbfa5cad46af
4,64,2,5,67108864,348388,0.179,a0a4cbfa5cad46af
4,64,1,1,67108864,340390,0.184,a0a4cbfa5cad46af
4,64,1,2,67108864,328675,0.19,a0a4cbfa5cad46af
4,64,1,3,67108864,292627,0.214,a0a4cbfa5cad46af
4,64,1,4,67108864,326507,0.191,a0a4cbfa5cad46af
4,64,1,5,67108864,357528,0.175,a0a4cbfa5cad46af
4,256,2,1,268435456,1345352,0.186,fe51c755b1336171
4,256,2,2,268435456,1333281,0.188,fe51c755b1336171
4,256,2,3,268435456,1313904,0.19,fe51c755b1336171
4,256,2,4,268435456,1333672,0.187,fe51c755b1336171
4,256,2,5,268435456,1280101,0.195,fe51c755b1336171
4,256,1,1,268435456,1365462,0.183,fe51c755b1336171
4,256,1,2,268435456,1332636,0.188,fe51c755b1336171
4,256,1,3,268435456,1375787,0.182,fe51c755b1336171
4,256,1,4,268435456,1334282,0.187,fe51c755b1336171
4,256,1,5,268435456,1261484,0.198,fe51c755b1336171
5,64,1,1,67108864,275671,0.227,a0a4cbfa5cad46af
5,64,1,2,67108864,282349,0.221,a0a4cbfa5cad46af
5,64,1,3,67108864,279426,0.224,a0a4cbfa5cad46af
5,64,1,4,67108864,275423,0.227,a0a4cbfa5cad46af
5,64,1,5,67108864,278528,0.224,a0a4cbfa5cad46af
5,64,2,1,67108864,306276,0.204,a0a4cbfa5cad46af
5,64,2,2,67108864,311547,0.201,a0a4cbfa5cad46af
5,64,2,3,67108864,311564,0.201,a0a4cbfa5cad46af
5,64,2,4,67108864,325033,0.192,a0a4cbfa5cad46af
5,64,2,5,67108864,336855,0.186,a0a4cbfa5cad46af
5,256,1,1,268435456,1166756,0.214,fe51c755b1336171
5,256,1,2,268435456,1149800,0.217,fe51c755b1336171
5,256,1,3,268435456,1144290,0.218,fe51c755b1336171
5,256,1,4,268435456,1346365,0.186,fe51c755b1336171
5,256,1,5,268435456,1164007,0.215,fe51c755b1336171
5,256,2,1,268435456,1367995,0.183,fe51c755b1336171
5,256,2,2,268435456,1391070,0.18,fe51c755b1336171
5,256,2,3,268435456,1338292,0.187,fe51c755b1336171
5,256,2,4,268435456,1402890,0.178,fe51c755b1336171
5,256,2,5,268435456,1352582,0.185,fe51c755b1336171
6,64,2,1,67108864,361014,0.173,a0a4cbfa5cad46af
6,64,2,2,67108864,350525,0.178,a0a4cbfa5cad46af
6,64,2,3,67108864,349263,0.179,a0a4cbfa5cad46af
6,64,2,4,67108864,362601,0.172,a0a4cbfa5cad46af
6,64,2,5,67108864,360389,0.173,a0a4cbfa5cad46af
6,64,1,1,67108864,335552,0.186,a0a4cbfa5cad46af
6,64,1,2,67108864,338328,0.185,a0a4cbfa5cad46af
6,64,1,3,67108864,341119,0.183,a0a4cbfa5cad46af
6,64,1,4,67108864,343858,0.182,a0a4cbfa5cad46af
6,64,1,5,67108864,331203,0.189,a0a4cbfa5cad46af
6,256,2,1,268435456,1281252,0.195,fe51c755b1336171
6,256,2,2,268435456,1269597,0.197,fe51c755b1336171
6,256,2,3,268435456,1296216,0.193,fe51c755b1336171
6,256,2,4,268435456,1398303,0.179,fe51c755b1336171
6,256,2,5,268435456,1365450,0.183,fe51c755b1336171
6,256,1,1,268435456,1153079,0.217,fe51c755b1336171
6,256,1,2,268435456,1272558,0.196,fe51c755b1336171
6,256,1,3,268435456,1184864,0.211,fe51c755b1336171
6,256,1,4,268435456,1106951,0.226,fe51c755b1336171
6,256,1,5,268435456,1140705,0.219,fe51c755b1336171
7,64,1,1,67108864,293258,0.213,a0a4cbfa5cad46af
7,64,1,2,67108864,290147,0.215,a0a4cbfa5cad46af
7,64,1,3,67108864,301528,0.207,a0a4cbfa5cad46af
7,64,1,4,67108864,293307,0.213,a0a4cbfa5cad46af
7,64,1,5,67108864,298658,0.209,a0a4cbfa5cad46af
7,64,2,1,67108864,357928,0.175,a0a4cbfa5cad46af
7,64,2,2,67108864,361499,0.173,a0a4cbfa5cad46af
7,64,2,3,67108864,357952,0.175,a0a4cbfa5cad46af
7,64,2,4,67108864,353416,0.177,a0a4cbfa5cad46af
7,64,2,5,67108864,350552,0.178,a0a4cbfa5cad46af
7,256,1,1,268435456,1332577,0.188,fe51c755b1336171
7,256,1,2,268435456,1144692,0.218,fe51c755b1336171
7,256,1,3,268435456,1138192,0.22,fe51c755b1336171
7,256,1,4,268435456,1259333,0.199,fe51c755b1336171
7,256,1,5,268435456,1102497,0.227,fe51c755b1336171
7,256,2,1,268435456,1182481,0.211,fe51c755b1336171
7,256,2,2,268435456,1162569,0.215,fe51c755b1336171
7,256,2,3,268435456,1164593,0.215,fe51c755b1336171
7,256,2,4,268435456,1339309,0.187,fe51c755b1336171
7,256,2,5,268435456,1148985,0.218,fe51c755b1336171
8,64,2,1,67108864,333731,0.187,a0a4cbfa5cad46af
8,64,2,2,67108864,329444,0.19,a0a4cbfa5cad46af
8,64,2,3,67108864,350180,0.178,a0a4cbfa5cad46af
8,64,2,4,67108864,313835,0.199,a0a4cbfa5cad46af
8,64,2,5,67108864,316055,0.198,a0a4cbfa5cad46af
8,64,1,1,67108864,292888,0.213,a0a4cbfa5cad46af
8,64,1,2,67108864,291357,0.215,a0a4cbfa5cad46af
8,64,1,3,67108864,288194,0.217,a0a4cbfa5cad46af
8,64,1,4,67108864,273004,0.229,a0a4cbfa5cad46af
8,64,1,5,67108864,277019,0.226,a0a4cbfa5cad46af
8,256,2,1,268435456,1289255,0.194,fe51c755b1336171
8,256,2,2,268435456,1347746,0.185,fe51c755b1336171
8,256,2,3,268435456,1744503,0.143,fe51c755b1336171
8,256,2,4,268435456,1342563,0.186,fe51c755b1336171
8,256,2,5,268435456,1212901,0.206,fe51c755b1336171
8,256,1,1,268435456,1240554,0.202,fe51c755b1336171
8,256,1,2,268435456,1289628,0.194,fe51c755b1336171
8,256,1,3,268435456,1135581,0.22,fe51c755b1336171
8,256,1,4,268435456,1146778,0.218,fe51c755b1336171
8,256,1,5,268435456,1137043,0.22,fe51c755b1336171
9,64,1,1,67108864,282969,0.221,a0a4cbfa5cad46af
9,64,1,2,67108864,292635,0.214,a0a4cbfa5cad46af
9,64,1,3,67108864,291217,0.215,a0a4cbfa5cad46af
9,64,1,4,67108864,292113,0.214,a0a4cbfa5cad46af
9,64,1,5,67108864,287062,0.218,a0a4cbfa5cad46af
9,64,2,1,67108864,321359,0.194,a0a4cbfa5cad46af
9,64,2,2,67108864,329083,0.19,a0a4cbfa5cad46af
9,64,2,3,67108864,330946,0.189,a0a4cbfa5cad46af
9,64,2,4,67108864,328798,0.19,a0a4cbfa5cad46af
9,64,2,5,67108864,369996,0.169,a0a4cbfa5cad46af
9,256,1,1,268435456,1202831,0.208,fe51c755b1336171
9,256,1,2,268435456,1331775,0.188,fe51c755b1336171
9,256,1,3,268435456,1119603,0.223,fe51c755b1336171
9,256,1,4,268435456,1350010,0.185,fe51c755b1336171
9,256,1,5,268435456,1307083,0.191,fe51c755b1336171
9,256,2,1,268435456,1194598,0.209,fe51c755b1336171
9,256,2,2,268435456,1244873,0.201,fe51c755b1336171
9,256,2,3,268435456,1217395,0.205,fe51c755b1336171
9,256,2,4,268435456,1501936,0.166,fe51c755b1336171
9,256,2,5,268435456,1460865,0.171,fe51c755b1336171
10,64,2,1,67108864,451793,0.138,a0a4cbfa5cad46af
10,64,2,2,67108864,374054,0.167,a0a4cbfa5cad46af
10,64,2,3,67108864,368619,0.17,a0a4cbfa5cad46af
10,64,2,4,67108864,357908,0.175,a0a4cbfa5cad46af
10,64,2,5,67108864,378397,0.165,a0a4cbfa5cad46af
10,64,1,1,67108864,343584,0.182,a0a4cbfa5cad46af
10,64,1,2,67108864,339046,0.184,a0a4cbfa5cad46af
10,64,1,3,67108864,348750,0.179,a0a4cbfa5cad46af
10,64,1,4,67108864,312421,0.2,a0a4cbfa5cad46af
10,64,1,5,67108864,308947,0.202,a0a4cbfa5cad46af
10,256,2,1,268435456,1336604,0.187,fe51c755b1336171
10,256,2,2,268435456,1342428,0.186,fe51c755b1336171
10,256,2,3,268435456,1330361,0.188,fe51c755b1336171
10,256,2,4,268435456,1290548,0.194,fe51c755b1336171
10,256,2,5,268435456,1273608,0.196,fe51c755b1336171
10,256,1,1,268435456,1248833,0.2,fe51c755b1336171
10,256,1,2,268435456,1241107,0.201,fe51c755b1336171
10,256,1,3,268435456,1256372,0.199,fe51c755b1336171
10,256,1,4,268435456,1266546,0.197,fe51c755b1336171
10,256,1,5,268435456,1267131,0.197,fe51c755b1336171
