trial,size_mib,rails,concurrency,batches,median_request_us,median_batch_us,aggregate_gib_per_s,cpu_user_us,cpu_system_us,peak_rss_kb,rail0_bytes,rail1_bytes,xxh3
1,256,1,2,3,2257571,2353094,0.213,1062046,1006237,1317688,1610612736,0,fe51c755b1336171
1,256,2,2,3,2101893,2150014,0.227,1670454,1968882,1858008,805306368,805306368,fe51c755b1336171
2,256,2,2,3,2079151,2184717,0.229,1777220,2076287,1857952,805306368,805306368,fe51c755b1336171
2,256,1,2,3,2312545,2360914,0.208,1065806,986761,1317832,1610612736,0,fe51c755b1336171
3,256,1,2,3,1959070,2005935,0.239,1046284,986581,1317556,1610612736,0,fe51c755b1336171
3,256,2,2,3,2196940,2290836,0.218,1539819,1826394,1858748,805306368,805306368,fe51c755b1336171
4,256,2,2,3,2194369,2277930,0.22,1561445,1856243,1858296,805306368,805306368,fe51c755b1336171
4,256,1,2,3,2292385,2385545,0.213,1068421,934419,1317640,1610612736,0,fe51c755b1336171
5,256,1,2,3,2290044,2369158,0.209,1038251,928868,1317704,1610612736,0,fe51c755b1336171
5,256,2,2,3,1997326,2048336,0.24,1564415,1870373,1817716,805306368,805306368,fe51c755b1336171
6,256,2,2,3,2150648,2258325,0.224,1547550,1815053,1857644,805306368,805306368,fe51c755b1336171
6,256,1,2,3,2292671,2355186,0.213,1075603,901631,1317724,1610612736,0,fe51c755b1336171
7,256,1,2,3,2147438,2233900,0.231,1062031,918961,1317760,1610612736,0,fe51c755b1336171
7,256,2,2,3,2191965,2282102,0.22,1525449,1841086,1857996,805306368,805306368,fe51c755b1336171
8,256,2,2,3,1996627,2082699,0.241,1575945,1830900,1858244,805306368,805306368,fe51c755b1336171
8,256,1,2,3,2064640,2196065,0.224,1373458,1155534,1317836,1610612736,0,fe51c755b1336171
9,256,1,2,3,2234374,2345621,0.215,1048483,983298,1317668,1610612736,0,fe51c755b1336171
9,256,2,2,3,2112638,2236922,0.224,1656553,1914072,1858244,805306368,805306368,fe51c755b1336171
10,256,2,2,3,2180382,2306657,0.217,1609131,1793120,1858816,805306368,805306368,fe51c755b1336171
10,256,1,2,3,2289746,2368816,0.214,1084706,909565,1317652,1610612736,0,fe51c755b1336171
