trial,arm,iteration,bytes,latency_us,xxh3
1,baseline,1,67108864,142799,a0a4cbfa5cad46af
1,baseline,2,67108864,139870,a0a4cbfa5cad46af
1,baseline,3,67108864,159448,a0a4cbfa5cad46af
1,baseline,4,67108864,142465,a0a4cbfa5cad46af
1,baseline,5,67108864,140542,a0a4cbfa5cad46af
1,candidate,1,67108864,107997,a0a4cbfa5cad46af
1,candidate,2,67108864,111291,a0a4cbfa5cad46af
1,candidate,3,67108864,90254,a0a4cbfa5cad46af
1,candidate,4,67108864,109507,a0a4cbfa5cad46af
1,candidate,5,67108864,88546,a0a4cbfa5cad46af
2,candidate,1,67108864,107967,a0a4cbfa5cad46af
2,candidate,2,67108864,108008,a0a4cbfa5cad46af
2,candidate,3,67108864,108273,a0a4cbfa5cad46af
2,candidate,4,67108864,90331,a0a4cbfa5cad46af
2,candidate,5,67108864,106650,a0a4cbfa5cad46af
2,baseline,1,67108864,157699,a0a4cbfa5cad46af
2,baseline,2,67108864,143128,a0a4cbfa5cad46af
2,baseline,3,67108864,142033,a0a4cbfa5cad46af
2,baseline,4,67108864,141462,a0a4cbfa5cad46af
2,baseline,5,67108864,139758,a0a4cbfa5cad46af
3,baseline,1,67108864,157411,a0a4cbfa5cad46af
3,baseline,2,67108864,159569,a0a4cbfa5cad46af
3,baseline,3,67108864,142143,a0a4cbfa5cad46af
3,baseline,4,67108864,141480,a0a4cbfa5cad46af
3,baseline,5,67108864,142425,a0a4cbfa5cad46af
3,candidate,1,67108864,108310,a0a4cbfa5cad46af
3,candidate,2,67108864,105727,a0a4cbfa5cad46af
3,candidate,3,67108864,109643,a0a4cbfa5cad46af
3,candidate,4,67108864,88920,a0a4cbfa5cad46af
3,candidate,5,67108864,90846,a0a4cbfa5cad46af
4,candidate,1,67108864,111987,a0a4cbfa5cad46af
4,candidate,2,67108864,90597,a0a4cbfa5cad46af
4,candidate,3,67108864,90924,a0a4cbfa5cad46af
4,candidate,4,67108864,93198,a0a4cbfa5cad46af
4,candidate,5,67108864,90921,a0a4cbfa5cad46af
4,baseline,1,67108864,142363,a0a4cbfa5cad46af
4,baseline,2,67108864,160388,a0a4cbfa5cad46af
4,baseline,3,67108864,163483,a0a4cbfa5cad46af
4,baseline,4,67108864,142585,a0a4cbfa5cad46af
4,baseline,5,67108864,164829,a0a4cbfa5cad46af
5,baseline,1,67108864,154637,a0a4cbfa5cad46af
5,baseline,2,67108864,158569,a0a4cbfa5cad46af
5,baseline,3,67108864,159657,a0a4cbfa5cad46af
5,baseline,4,67108864,158973,a0a4cbfa5cad46af
5,baseline,5,67108864,143140,a0a4cbfa5cad46af
5,candidate,1,67108864,108771,a0a4cbfa5cad46af
5,candidate,2,67108864,112413,a0a4cbfa5cad46af
5,candidate,3,67108864,110869,a0a4cbfa5cad46af
5,candidate,4,67108864,110274,a0a4cbfa5cad46af
5,candidate,5,67108864,91567,a0a4cbfa5cad46af
6,candidate,1,67108864,109649,a0a4cbfa5cad46af
6,candidate,2,67108864,90237,a0a4cbfa5cad46af
6,candidate,3,67108864,108399,a0a4cbfa5cad46af
6,candidate,4,67108864,113543,a0a4cbfa5cad46af
6,candidate,5,67108864,93019,a0a4cbfa5cad46af
6,baseline,1,67108864,144558,a0a4cbfa5cad46af
6,baseline,2,67108864,143842,a0a4cbfa5cad46af
6,baseline,3,67108864,143548,a0a4cbfa5cad46af
6,baseline,4,67108864,144060,a0a4cbfa5cad46af
6,baseline,5,67108864,143274,a0a4cbfa5cad46af
7,baseline,1,67108864,163229,a0a4cbfa5cad46af
7,baseline,2,67108864,161501,a0a4cbfa5cad46af
7,baseline,3,67108864,144034,a0a4cbfa5cad46af
7,baseline,4,67108864,141936,a0a4cbfa5cad46af
7,baseline,5,67108864,164576,a0a4cbfa5cad46af
7,candidate,1,67108864,107855,a0a4cbfa5cad46af
7,candidate,2,67108864,92768,a0a4cbfa5cad46af
7,candidate,3,67108864,111457,a0a4cbfa5cad46af
7,candidate,4,67108864,90406,a0a4cbfa5cad46af
7,candidate,5,67108864,92240,a0a4cbfa5cad46af
8,candidate,1,67108864,111439,a0a4cbfa5cad46af
8,candidate,2,67108864,92434,a0a4cbfa5cad46af
8,candidate,3,67108864,110434,a0a4cbfa5cad46af
8,candidate,4,67108864,109781,a0a4cbfa5cad46af
8,candidate,5,67108864,92845,a0a4cbfa5cad46af
8,baseline,1,67108864,162532,a0a4cbfa5cad46af
8,baseline,2,67108864,161836,a0a4cbfa5cad46af
8,baseline,3,67108864,143366,a0a4cbfa5cad46af
8,baseline,4,67108864,145761,a0a4cbfa5cad46af
8,baseline,5,67108864,142083,a0a4cbfa5cad46af
9,baseline,1,67108864,158640,a0a4cbfa5cad46af
9,baseline,2,67108864,165808,a0a4cbfa5cad46af
9,baseline,3,67108864,140956,a0a4cbfa5cad46af
9,baseline,4,67108864,142855,a0a4cbfa5cad46af
9,baseline,5,67108864,167579,a0a4cbfa5cad46af
9,candidate,1,67108864,110246,a0a4cbfa5cad46af
9,candidate,2,67108864,111523,a0a4cbfa5cad46af
9,candidate,3,67108864,91760,a0a4cbfa5cad46af
9,candidate,4,67108864,110093,a0a4cbfa5cad46af
9,candidate,5,67108864,91785,a0a4cbfa5cad46af
10,candidate,1,67108864,111544,a0a4cbfa5cad46af
10,candidate,2,67108864,108256,a0a4cbfa5cad46af
10,candidate,3,67108864,111206,a0a4cbfa5cad46af
10,candidate,4,67108864,91490,a0a4cbfa5cad46af
10,candidate,5,67108864,88287,a0a4cbfa5cad46af
10,baseline,1,67108864,145178,a0a4cbfa5cad46af
10,baseline,2,67108864,160948,a0a4cbfa5cad46af
10,baseline,3,67108864,140436,a0a4cbfa5cad46af
10,baseline,4,67108864,142467,a0a4cbfa5cad46af
10,baseline,5,67108864,143193,a0a4cbfa5cad46af
