trial,arm,order_position,median_us,cpu_user_us,cpu_system_us,peak_rss_kb,bytes,xxh3
1,baseline,0,142465,311390,289021,203836,67108864,a0a4cbfa5cad46af
1,candidate,1,107997,186720,150894,138196,67108864,a0a4cbfa5cad46af
2,candidate,0,107967,177454,162469,138732,67108864,a0a4cbfa5cad46af
2,baseline,1,142033,297608,301503,203828,67108864,a0a4cbfa5cad46af
3,baseline,0,142425,285774,313155,204200,67108864,a0a4cbfa5cad46af
3,candidate,1,105727,173881,166420,138364,67108864,a0a4cbfa5cad46af
4,candidate,0,90924,157128,184888,138528,67108864,a0a4cbfa5cad46af
4,baseline,1,160388,309850,292285,203724,67108864,a0a4cbfa5cad46af
5,baseline,0,158569,291218,307615,204104,67108864,a0a4cbfa5cad46af
5,candidate,1,110274,179785,163300,138308,67108864,a0a4cbfa5cad46af
6,candidate,0,108399,182697,162602,138744,67108864,a0a4cbfa5cad46af
6,baseline,1,143842,301805,301202,203888,67108864,a0a4cbfa5cad46af
7,baseline,0,161501,306825,294746,203732,67108864,a0a4cbfa5cad46af
7,candidate,1,92768,157701,186220,138696,67108864,a0a4cbfa5cad46af
8,candidate,0,109781,183865,160735,138520,67108864,a0a4cbfa5cad46af
8,baseline,1,145761,305878,299928,203984,67108864,a0a4cbfa5cad46af
9,baseline,0,158640,287648,310446,204012,67108864,a0a4cbfa5cad46af
9,candidate,1,110093,173647,169569,138488,67108864,a0a4cbfa5cad46af
10,candidate,0,108256,161198,179947,138452,67108864,a0a4cbfa5cad46af
10,baseline,1,143193,285042,316377,204048,67108864,a0a4cbfa5cad46af
