trial,size_mib,rails,concurrency,batch,wall_us
1,256,1,2,1,2350855
1,256,1,2,2,2564615
1,256,1,2,3,2091899
1,256,2,2,1,2330492
1,256,2,2,2,2302675
1,256,2,2,3,2333168
2,256,2,2,1,2291269
2,256,2,2,2,2169770
2,256,2,2,3,2211394
2,256,1,2,1,2160017
2,256,1,2,2,2454910
2,256,1,2,3,2157491
3,256,1,2,1,2150731
3,256,1,2,2,2393391
3,256,1,2,3,2445121
3,256,2,2,1,2326390
3,256,2,2,2,2290058
3,256,2,2,3,2156561
4,256,2,2,1,2345679
4,256,2,2,2,2229659
4,256,2,2,3,2215634
4,256,1,2,1,2154850
4,256,1,2,2,2532100
4,256,1,2,3,2538771
5,256,1,2,1,2659757
5,256,1,2,2,2499065
5,256,1,2,3,2508922
5,256,2,2,1,2196528
5,256,2,2,2,2230042
5,256,2,2,3,2252200
6,256,2,2,1,2120200
6,256,2,2,2,2260731
6,256,2,2,3,2357478
6,256,1,2,1,2263419
6,256,1,2,2,2654740
6,256,1,2,3,2597684
7,256,1,2,1,2548159
7,256,1,2,2,2579266
7,256,1,2,3,2512159
7,256,2,2,1,2089835
7,256,2,2,2,2336187
7,256,2,2,3,2305541
8,256,2,2,1,2329153
8,256,2,2,2,2222319
8,256,2,2,3,2271898
8,256,1,2,1,2072494
8,256,1,2,2,2481081
8,256,1,2,3,2104441
9,256,1,2,1,2547663
9,256,1,2,2,2254859
9,256,1,2,3,2406688
9,256,2,2,1,1919762
9,256,2,2,2,2323732
9,256,2,2,3,2340072
10,256,2,2,1,2333230
10,256,2,2,2,2223845
10,256,2,2,3,2249586
10,256,1,2,1,2500889
10,256,1,2,2,2403852
10,256,1,2,3,2566469
